1300SMILES Stadium,Golf Links Dr,Townsville,QLD,,4817
4A Centre for Contemporary Asian Art,181-187 Hay St,Haymarket,NSW,,2000
AAMI Park,Olympic Blvd,Melbourne,VIC,,3000
AAMI Stadium,Turner Dr,West Lakes,SA,,5021
Acacia Prison,Great Eastern Hwy,Wooroloo,WA,,6558
ACT Coroner's Court,4 Knowles Pl,Canberra,ACT,,2600
ACT Magistrates Court,4 Knowles Pl,Canberra,ACT,,2600
Adelaide Airport,Andy Thomas Cct,Adelaide,SA,,5950
Adelaide Coroners Court,302 King William St,Adelaide,SA,,5000
Adelaide Festival Centre,King William St,Adelaide,SA,,5000
Adelaide Immigration Transit Accommodation,55-56 Garland Ave,Kilburn,SA,,5083
Adelaide Magistrates Court,260-280 Victoria Sq,Adelaide,SA,,5000
Adelaide Pre-Release Centre,Grand Junction Rd,Northfield,SA,,5085
Adelaide Supreme Court,Cnr Gouger St & King William St,Adelaide,SA,,5000
Adelaide Women’s Prison,Grand Junction Rd,Northfield,SA,,5085
Adina Hotel Surry Hills,395 Crown St,Surry Hills,NSW,,2010
AFL House,140 Harbour Esp,Docklands,VIC,,3008
Albany Regional Prison,Princess Ave,Albany,WA,,6330
Alexander Maconochie Centre,10400 Monaro Hwy,Hume,ACT,,2620
Alice Springs Correctional Centre,South Stuart Hwy,Alice Springs,NT,,870
Alice Springs Juvenile Detention Centre,South Stuart Hwy,Alice Springs,NT,,870
Alice Springs Supreme Court,State Sq,Darwin,NT,,800
Allianz Stadium,Moore Park Rd,Moore Park,NSW,,2021
Allphones Arena,Cnr Olympic Blvd and Edwin Flack Ave,Sydney Olympic Park,NSW,,2127
American Chamber of Commerce,88 Cumberland St,Sydney,NSW,,2000
American Chamber of Commerce,321 Adelaide Tce,Perth,WA,,6000
Andrew (Boy) Charlton Pool,1C Mrs Macquaries Road,The Domain,NSW,,2000
ANZ Head Office,100 Queen St,Melbourne,VIC,,3000
Anzac House,4-6 Collins St,Melbourne,VIC,,3000
ANZAC War Memorial,Elizabeth St,Sydney,NSW,,2000
Art Gallery of New South Wales,"Art Gallery Rd, The Domain",Sydney,NSW,,2000
Art Gallery of South Australia,North Terrace,Adelaide,SA,,5000
Art Gallery of Western Australia,Roe St,Perth,WA,,6000
Arthur Gorrie Correctional Centre,3068 Ipswich Rd,Wacol,QLD,,4076
Ashfield Mall Shopping Centre,260A Liverpool Rd,Ashfield,NSW,,2131
Atrium Shopping Centre,341-345 Peel St,Tamworth,NSW,,2340
Aurora Stadium,,Launceston,TAS,,7250
Australian Antarctic Division,203 Channel Hwy,Kingston,TAS,,7050
Australian Catholic University,1200 Mair St,Ballarat,VIC,,3350
Australian Catholic University,1100 Nudgee Rd,Banyo,QLD,,4014
Australian Catholic University,223 Antill St,Watson,ACT,,2602
Australian Catholic University,115 Victoria Pde,Melbourne,VIC,,3065
Australian Catholic University,40 Edward St,North Sydney,NSW,,2060
Australian Catholic University,25A Barker Rd,Strathfield,NSW,,2135
Australian Centre for Contemporary Art,111 Sturt St,Melbourne,VIC,,3006
Australian Competition & Consumer Complaints Commisson,175 Pitt St,Sydney,NSW,,2000
Australian Institute of Music,1-55 Foveaux St,Surry Hills,NSW,,2010
Australian Institute of Sport,Leverrier Cres,Bruce,ACT,,2617
Australian Museum,6 College St,Sydney,NSW,,2000
Australian National Botanic Gardens,Clunies Ross St,Acton,ACT,,2601
Australian National Maritime Museum,2 Murray St,Darling Harbour,NSW,,2000
Australian National University,Barry Dr,Acton,ACT,,2600
Australian Olympic Committee,140 George St,Sydney,NSW,,2000
Australian Rugby Union HQ,29-57 Christie St,St Leonards,NSW,,2065
Australian Technology Park,Locomotive St,Eveleigh,NSW,,2015
Australian War Memorial,Treloar Cres,Campbell,ACT,,2612
Australian Wildlife Conservancy,280 Hay St,Subiaco,WA,,2008
Avalon Airport,80 Beach Rd,Lara,VIC,,3212
Balmain Court,368 Darling St,Balmain,NSW,,2041
Bandyup Women's Prison,95 Middle Swan Rd,West Swan,WA,,6055
Bangarra Dance Theatre,Pier 4/15 Hickson Rd,Walsh Bay,NSW,,2000
Bankstown Airport,Bankstown Airpor,Bankstown,NSW,,2200
Barkly Work Camp,Peko Road,Tennant Creek,NT,,860
"Barnaby Joyce, Office of",68 The Terrace,St. George,QLD,,4487
Barnardos Australia,60-64 Bay St,Ultimo,NSW,,2007
Barwon Prison,1140 Bacchus Marsh Rd,Lara,VIC,,3212
Bathurst Correctional Centre,Cnr Browning St & Brookmore Ave,Bathurst,NSW,,2795
Bauer Media - Group Custom Media,66-68 Goulburn St,,NSW,,2000
Bauer Media - Group Head Office,54-58 Park St,Sydney,NSW,,2000
Bauer Media Group,202 Tynte St,North Adelaide,SA,,5006
Bauer Media Group,717 Bourke St,Docklands,VIC,,3008
Bayside Shopping Centre,28 Beach St,Frankston,VIC,,3199
Beechworth Correctional Centre,494 Flat Rock Rd,Beechworth,VIC,,3747
Belvoir Theatre,25 Belvoir St,Surry Hills,NSW,,2010
Birkenhead Point Shopping Centre,Roseby St,Drummoyne,NSW,,2047
Blacktown Court,1 Kildare Rd,Blacktown,NSW,,2148
Blacktown International Sportspark,Eastern Rd,Rooty Hill,NSW,,2766
Blue Hotel,6 Cowper Wharf Roadway,Woolloomooloo,NSW,,2011
Bluetongue Central Coast Stadium,Central Coast Hwy,Gosford,NSW,,2250
Blundstone Arena,15 Derwent St,Bellerive,TAS,,7018
Bond University,52 University Dr,Robina,QLD,,4226
Bondi Beach,Bondi Rd,Bondi Beach,NSW,,2026
Boronia Pre-release Centre for Women,14-16 Hayman Rd,Bentley,WA,,6102
Brewarrina (Yetta Dhinnakkal) Centre,24 The Authur Hall VC Way,Coolabah,NSW,,2839
Brisbane Airport,Airport Dr,Brisbane,QLD,,4009
Brisbane Arcade,145 Eagle St,Brisbane,QLD,,4000
Brisbane City Hall,Adelaide St,Brisbane,QLD,,4000
Brisbane Convention & Exhibition Centre,Merivale St,South Brisbane,QLD,,4101
Brisbane Correctional Centre,Station Rd,Wacol,QLD,,4076
Brisbane Entertainment Centre,Melaleuca Dr,Boondall,QLD,,4034
Brisbane Immigration Transit Accommodation,100 Sugarmill Rd,Pinkenba,QLD,,4008
Brisbane Magistrates' Court,363 George St,Brisbane,QLD,,4000
Brisbane Racing Club,230 Lancaster Rd,Ascot,QLD,,4007
Brisbane Women's Correctional Centre,Grindle Rd,Wacol,QLD,,4076
British High Commission,Commonwealth Ave,Yarralumla,ACT,,2600
Broken Hill,109 Gossan St,Broken Hill,NSW,,2880
Brookvale Oval,Pittwater Rd,Brookvale,NSW,,2100
Broome Regional Prison,Hamersley St,Broome,WA,,6725
Bulimba Memorial Park,Cnr of Oxford St and Stuart St,Bulimba,QLD,,4171
Bunbury Regional Prison,Centenary Rd,Bunbury,WA,,6230
Cadell Training Centre,Boden Rd,Cadell,SA,,5321
Campbelltown Court,Railway St,Campbelltown,NSW,,2560
Campbelltown Stadium,Rose Payten Dr,Leumeah,NSW,,2560
Canberra Centre,Bunda St,Canberra,ACT,,2601
Canberra Deep Space Communication Complex,421 Discovery Dr,Paddys River,ACT,,2620
Canberra International Airport,2 Brindabella Cct,Canberra,ACT,,2609
Canberra Museum and Gallery,Corner London Cct & Civic Sq,Canberra,ACT,,2600
Canberra Stadium,Battye St,Bruce,ACT,,2617
Canterbury Park Racecourse,King St,Canterbury,NSW,,2193
Capitol Theatre,13 Campbell St,Haymarket,NSW,,2000
Capricornia Correctional Centre,Bruce Hwy,North Rockhampton,QLD,,4701
Carrara Stadium,BRdbeach-Nerang Rd,Carrara,QLD,,4211
Carriageworks,245 Wilson St,Eveleigh,NSW,,2015
Castle Towers Shopping Centre,6-14 Castle St,Castle Hill,NSW,,2154
Casuarina Prison,288 Orton Rd,Casuarina,WA,,6167
Casuarina Shopping Centre,247 Trower Rd,Darwin,NT,,810
Caulfield Racecourse,Station St,Caulfield East,VIC,,3145
CEDA,144 North Tce,Adelaide,SA,,5000
CEDA,300 Adelaide St,Brisbane,QLD,,4000
CEDA,440 Collins St,Melbourne,VIC,,3000
CEDA,440 Collins St,Melbourne,VIC,,3000
CEDA,105 St Georges Tce,Perth,WA,,6000
CEDA,9 Hunter St,Sydney,NSW,,2000
Central Queensland University,Bruce Hwy,North Rockhampton,QLD,,4702
Centro Bankstown Shopping Centre,Stacey St,Bankstown,NSW,,2200
Centro Toormina Shopping Centre,5 Toormina Rd,Toormina,NSW,,2452
Cessnock Correction Centre,Lindsay St,Cessnock,NSW,,2325
Chadstone Shopping Centre,1341 Dandenong Rd,Chadstone,VIC,,3148
Channel Seven,Sir Samuel Griffith Dr,Mount Coot-tha,QLD,,4066
Charles Darwin University,Ellengowan Dr,Casuarina,NT,,810
Charles Sturt University,Elizabeth Mitchell Dr,Thurgoona,NSW,,2640
Charles Sturt University,Panorama Ave,Bathurst,NSW,,2795
Charles Sturt University,Leeds Pde,Orange,NSW,,2800
Charles Sturt University,Boorooma St,Wagga Wagga,NSW,,2678
Charlestown Square Shopping Centre,Pearson St,Charlestown,NSW,,2290
Chatswood Chase Shopping Centre,345 Victoria Ave,Chatswood,NSW,,2067
Chauvel Cinema,Cnr Oxford St & Oatley Rd,Paddington,NSW,,2021
Chinese Garden of Friendship,Pier St,Darling Harbour,NSW,,2000
Choice,57 Carrington Rd,Marrickville,NSW,,2204
Christies Beach Magistrates Court,96 Dyson Rd,Christies Beach,SA,,5165
Christmas Island Immigration Detention Centre,North West Point,Christmas Island,WA,,6798
CircaRetail Shopping Centre,"1 Circa Blvd, Norbrik Dr",Bella Vista,NSW,,2153
Coca-Cola Amatil,40 Mount St,Sydney,NSW,,2000
Coca-Cola Place,40 Mount St,Sydney,NSW,,2000
Cockatoo Island,Cockatoo Island,Sydney,NSW,,2000
Cockington Green Gardens,11 Gold Creek Rd,Nicholls,ACT,,2913
Cockle Bay Wharf,201 Sussex S,Sydney,NSW,,2000
Commission of the European Communities,18 Arkana St,Yarralumla,ACT,,2600
Commonwealth Bank of Australia,201 Sussex St,Sydney,NSW,,2000
Commonwealth Law Courts,3 Angas St,Adelaide,SA,,5000
Commonwealth Offices,4 Treasury Pl,East Melbourne,VIC,,3002
Commonwealth Parliamentary Offices,2 The Esplanade,Perth,WA,,6000
Compulsory Drug Treatment Correctional Centre,66 Sentry Dr,Parklea,NSW,,2768
Cook + Phillip Park Aquatic,4 College St,Sydney,NSW,,2000
Cooma Correctional Centre,1 Vale St,Cooma,NSW,,2630
Coopers Alehouse At The Earl,316 Pulteney St,Adelaide,SA,,5000
Coroners Court of Victoria,222 Exhibition Street,Melbourne,VIC,,3000
Coroner's Court of WA,501 Hay St,Perth,WA,,6000
Curtin Immigration Detention Centre,Derby Hwy,Derby,WA,,6728
Curtin University of Technology,Kent St,Bentley,WA,,6102
Customs House,31 Alfred St,Circular Quay,NSW,,2000
Dame Phyllis Frost Centre,101-201 Riding Boundary Rd,Ravenhall,VIC,,3023
Darling Downs Correctional Centre,Cnr Pittsworth Rd & Althaus Rd,Toowoomba,QLD,,4350
Darlinghurst Courthouse Taylor Square,Oxford St,Darlinghurst,NSW,,2010
Darwin Correctional Centre,Tivendale Rd,Berrimah,NT,,828
Darwin International Airport,1 Henry Wrigley Dr,Darwin,NT,,820
David Jones,86-108 Castlereagh St,Sydney,NSW,,2000
Dawn de Loas Correctional Centre,Holker St,Silverwater,NSW,,2128
Deakin University,1 Gheringhap St,Geelong,VIC,,3220
Deakin University,Elgar Rd,Burwood,VIC,,3125
Deakin University,Princes Hwy,Warrnambool,VIC,,3280
Department of Attorney General and Justice,20 Lee St,Sydney,NSW,,2000
Dhurringile Prison,Murchison-Tatura Rd,Murchison,VIC,,3610
Dillwynia Correctional Centre,The Northern Rd,Berkshire,NSW,,2756
DisabilityCare Australia,Hilltop Plaza,Charlestown,NSW,,2290
Discovery Networks Asia-Pacific,19 Harris St,Pyrmont,NSW,,2009
Doltone House – Jones Bay Wharf,26-32 Pirrama Rd,Pyrmont,NSW,,2009
Don Bank Museum,6 Napier St,North Sydney,NSW,,2060
Don Dale Juvenile Detention Centre,90 Tivendale Rd,Berrimah,NT,,828
Doomben Racecourse,75 Hampden St,Ascot,QLD,,4007
Downing Centre Local Court,143-147 Liverpool St,Sydney,NSW,,2000
Dreamworld,Dreamworld Pkwy,Coomera,QLD,,4209
Drug Court,12 George St,Sydney,NSW,,1235
Eagle Farm Racecourse,230 Lancaster Rd,Ascot,QLD,,4007
Eastern Goldfields Regional Prison,Vivian St,Boulder,WA,,6432
Eastgate Shopping Centre,71-73 Spring St,Bondi Junction,NSW,,2022
Edith Cowan University,270 Joondalup Dr,Joondalup,WA,,6027
Elizabeth Bay House,7 Onslow Ave,Elizabeth Bay,NSW,,2011
Elizabeth Farm,70 Alice St,Rosehill,NSW,,2142
Elizabeth Magistrates Court,15 Frobisher Rd,Elizabeth,SA,,5112
Embassy of Brazil,19 Forster Cres,Yarralumla,ACT,,2600
Embassy of Finland,12 Darwin Ave,Yarralumla,ACT,,2600
Embassy of France,6 Perth Ave,Yarralumla,ACT,,2600
Embassy of Greece,9 Turrana St,Yarralumla,ACT,,2600
Embassy of Japan,112 Empire Cct,Yarralumla,ACT,,2600
Embassy of Myanmar,22 Arkana St,Yarralumla,ACT,,2600
Embassy of the Arab Republic of Egypt,1 Darwin Ave,Yarralumla,ACT,,2600
Embassy of the Republic of Indonesia,8 Darwin Ave,Yarralumla,ACT,,2600
Embassy of the United States of America,Moonah Pl,Yarralumla,ACT,,2600
Emu Plains Correctional Centre,Old Bathurst Rd,Emu Plains,NSW,,2750
Enmore Theatre,118-132 Enmore Rd,Newtown,NSW,,2042
Ensemble Theatre,78 McDougall St,Kirribilli,NSW,,2061
Entertainment Quarter,220/122 Lang Rd,Moore Park,NSW,,2021
Erina Fair,620-658 Terrigal Dr,Erina,NSW,,2250
Ernst & Young Building,121 King William St,Adelaide,SA,,5000
ESPN Australia,68 York St,Sydney,NSW,,2000
Etihad Stadium,740 Bourke St,Docklands,VIC,,3008
Eureka Tower,7 Riverside Quay,Southbank,VIC,,3006
Fairfax Media,2/1 Darling Island Rd,Pyrmont,NSW,,2009
Family Court Brisbane,Cnr North Quay & Tank St,Brisbane,QLD,,4000
Family Court Canberra,Cnr University Ave & Childers St,Canberra,ACT,,
Family Court Darwin,80 Mitchell St,Darwin,NT,,801
Family Court Hobart,39-41 Davey St,Hobart,TAS,,7001
Family Court Launceston,Cnr Brisbane St & George St,Launceston,TAS,,7250
Family Court Melbourne,305 William St,Melbourne,VIC,,3000
Family Court Parramatta,1-3 George St,Parramatta,NSW,,2124
Family Court Sydney,97-99 Goulburn St,Sydney,NSW,,2000
Family Law Courts Adelaide,3 Angas St,Adelaide,SA,,5000
"Federal Court of Australia, Adelaide Registry",3 Angas St,Adelaide,SA,,5000
"Federal Court of Australia, Brisbane Registry",Cnr North Quay & Tank St,Brisbane,QLD,,4000
"Federal Court of Australia, Darwin Registry",Cnr Hartly St & Parsons St,Alice Springs,NT,,870
"Federal Court of Australia, Melbourne Registry",305 William St,Melbourne,VIC,,3000
"Federal Court of Australia, Perth Registry",1 Victoria Ave,Perth,WA,,6000
"Federal Court of Australia, Sydney Registry",184 Phillip St,Sydney,NSW,,2000
Federal Court of Tasmania,39-41 Davey St,Hobart,TAS,,7000
Federation Square,Flinders St,Melbourne,VIC,,3000
Festival Hall,300 Dudley St,West Melbourne,VIC,,3003
Fiji High Commission,19 Beale Cres,Deakin,ACT,,2600
Flemington Racecourse,448 Epsom Rd,Flemington,VIC,,3031
Flinders Street Station,Flinders St & Swanston St,Melbourne,VIC,,3000
Flinders University,Sturt Rd,Bedford Park,SA,,5042
Four Points Sheraton,161 Sussex St,Sydney,NSW,,2000
Four Seasons Hotel,199 George St,Circular Quay,NSW,,2000
FOX International Channels,Apr-16 Yurong St,East Sydney,NSW,,2010
Foxtel,5 Thomas Holt Dr,Macquarie Park,NSW,,2113
Fulham Correctional Centre,Hopkins Rd,West Sale,VIC,,3850
George St Cinemas,505-525 George St,Sydney,NSW,,2000
Glen Innes Correctional Centre,Gwydir Hwy,Glen Innes,NSW,,2370
Gold Coast Airport,Terminal Dr,Bilinga,QLD,,4225
Gold Coast Convention and Exhibition Centre,2684-2690 Gold Coast Hwy,BRdbeach,QLD,,4218
Gold Coast Titans,2 Promethean Way,Robina,QLD,,4226
Gosford City Council,71 Mann St,Gosford,NSW,,2250
Goulburn Correctional Centre,Maud St,Goulburn,NSW,,2580
Governement House,Macquarie St,Sydney,NSW,,2000
Government House,Dunrossil Dr,Yarralumla,ACT,,2600
Grafton Correctional Centre,170 Hoof St,Grafton,NSW,,2460
Greenough Regional Prison,Edward Rd,Narngulu,WA,,6532
Griffith University,170 Kessels Rd,Nathan,QLD,,4111
Hakea Prison,Nicholson Rd,Canning Vale,WA,,6155
Hamer Hall,26-28 Southgate Ave,Southbank,VIC,,3006
Harbourside Shopping Centre,231 Darling Dr,Sydney,NSW,,2000
Hayden Orpheum Picture Palace,380 Military Rd,Cremorne,NSW,,2090
Heide Museum of Modern Art,7 Templestowe Rd,Bulleen,VIC,,3105
Helana Jones Centre,375 Sandgate Rd,Albion,QLD,,4010
Her Majesty's Theatre,219 Exhibition St,Melbourne,VIC,,3000
Hidden Valley Raceway,,Darwin,NT,,800
High Commission for Canada,Commonwealth Ave,Yarralumla,ACT,,2600
High Commission of Papua New Guinea,39-41 Forster Cres,Yarralumla,ACT,,2600
High Commission of the Republic of Singapore,17 Forster Cres,Yarralumla,ACT,,2600
High Court of Australia,Parkes Pl,Parkes,ACT,,2600
"High Court of Australia, Sydney",184 Phillip St,Sydney,NSW,,2000
Highpoint Shopping Centre,120-200 Rosamond Rd,Maribyrnong,VIC,,3032
Hilton,488 George St,Sydney,NSW,,2000
Hobart International Airport,,Cambridge,TAS,,7170
Hobart Reception Prison,29 Liverpool St,Hobart,TAS,,7000
Hopkins Correctional Centre,Warrak Rd,Ararat,VIC,,3377
Hordern Pavilion,1 Drr Ave,Moore Park,NSW,,2021
Hornsby Court House,294 Pacific Hwy,Hornsby,NSW,,2077
Hospital Rd Court Complex,Hospital Rd,Sydney,NSW,,2000
Hotel Grand Chancellor,1 Davey St,Hobart,TAS,,7000
Hunter Stadium,294 Turton Rd,Lambton,NSW,,2305
Hyde Park,Elizabeth St,Sydney,NSW,,2000
Hyde Park Barracks Museum,10 Macquarie St,Sydney,NSW,,2000
Ian Thorpe Aquatic,458 Harris St,Ultimo,NSW,,2007
Icebergs,1 Notts Ave,Bondi,NSW,,2026
IMAX Theatre Sydney,31 Wheat Rd,Darling Harbour,NSW,,2000
Independent Commission Against Corruption,133 Castlereagh St,Sydney,NSW,,2000
Indooroopilly Shopping Centre,322 Mogill Rd,Indooroopilly,QLD,,4068
Intercontinental Hotel,117 Macquarie St,Sydney,NSW,,2000
InterContinental Hotel Adelaide,North Tce,Adelaide,SA,,5000
Ivanhoe (Warakirri) Centre,33 Mitchell St,Ivanhoe,NSW,,2878
James Cook University,"1 James Cook Dr,",Townsville,QLD,,4811
James St Market,22 James St,Fortitude Valley,QLD,,4006
John Morony Correctional Centre,The Northern Rd,Berkshire,NSW,,2756
Jubilee Oval,5 Victoria Rd,Glebe,NSW,,2037
Judy Lazarus Transition Centre,50 Adderley St,West Melbourne,VIC,,3003
Junee Correctional Centre,197 Park Lane,Junee,NSW,,2663
Justice and Police Museum,Cnr Albert St & Phillip St,Sydney,NSW,,2000
Kariong Juvenile Correctional Centre,Central Coast Hwy,Kariong,NSW,,2250
Karnet Prison Farm,Kingsbury Dr,Serprntine,WA,,6125
King St Courts,Cnr King St &  Elizabeth St,Sydney,NSW,,2000
Kings Domain Gardens,Linlithgow Ave,Melbourne,VIC,,3000
Kirribilli House,Kirribilli Ave,Kirribilli,NSW,,2061
KPMG,10 Shelley Street,Sydney,NSW,,2000
La Trobe University,University Dr,Wodonga,VIC,,3689
La Trobe University,Edwards Rd,Flora Hill,VIC,,3550
La Trobe University,Plenty Rd,Bundoora,VIC,,3086
La Trobe University,3502 Benetook Ave,Mildura,VIC,,3502
La Trobe University,210 Fryers St,Shepparton,VIC,,3262
Lake Tali Karng,,,Victoria,Australia,3858
Lakeside Plaza Shopping Centre,Cnr The Entrance Rd & Denning St,The Entrance,NSW,,2261
Lakeside Stadium,31-33 Aughtie Dr,Albert Park,VIC,,3206
Langi Kal Kal Prison,Western Hwy,Trawalla,VIC,,3373
Launceston Reception Prison,Cimitiere St,Launceston,TAS,,7250
Leichhardt Oval,Mary St,Leichhardt,NSW,,2040
Leo Burnett,26 Hickson Rd,Walsh Bay,NSW,,2000
Lithgow Correctional Centre,596 Great Western Hwy,Lithgow,NSW,,2790
Liverpool Court,150 George St,Liverpool,NSW,,2170
Llewellyn Hall,William Herbert Pl,Canberra,ACT,,2601
Loddon Prison,Matheson St,Castlemaine,VIC,,3450
Long Bay Correctional Complex,1300 Anzac Pde,Malabar,NSW,,2036
Lotus Glen Correctional Centre,Chettle  Rd,Mareeba,QLD,,4880
Luna Park Melbourne,18 Lower Esplanade,St Kilda,VIC,,3182
Luna Park Sydney,1 Olympic Dr,Milsons Point,NSW,,2061
Lyric Theatre,Pirrama Rd,Pyrmont,NSW,,2009
Macarthur Square,200 Gilchrist D,Campbelltown,NSW,,2560
Macquarie Centre,Waterloo Rd,Macquarie Park,NSW,,2113
Macquarie University,Balaclava Rd,North Ryde,NSW,,2109
Malthouse Theatre,113 Sturt St,Southbank,VIC,,3006
Manly Beach,North Steyne,Manly,NSW,,2095
Mannus Correctional Centre,3506 Jingellic Rd,Mannus,NSW,,2653
Maribyrnong Immigration Detention Centre,53 Hampstead Road,Maidstone,VIC,,3012
Marketown Shopping Centre,23 Steel St,Newcastle West,NSW,,2302
Marngoneet Correctional Centre,1170 Bacchus Marsh Rd,Lara,VIC,,3212
Marrara Stadium,10 Abala Rd,Marrara,NT,,812
Marrickville Metro Shopping Centre,34-36 Victoria Rd,Marrickville,NSW,,2204
Mary Hutchinson Women's Prison,672 East Derwent Hwy,Risdon Vale,TAS,,7016
Mary MacKillop Place Museum,7 Mount St,North Sydney,NSW,,2060
Maryborough Correctional Centre,Stein Rd,Aldershot,QLD,,4650
Melbourne Airport,Departure Dr,Melbourne,VIC,,3045
Melbourne Assessment Prison,317 Spencer St,West Melbourne,VIC,,3003
Melbourne Convention and Exhibition Centre,2 Clarendon St,Melbourne,VIC,,3006
Melbourne Cricket Ground,Brunton Ave,Richmond,VIC,,3002
Melbourne Magistrates Court,233 William St,Melbourne,VIC,,3000
Melbourne Museum,11 Nicholson St,Carlton,VIC,,3053
Melbourne Recital Centre,31 Sturt St,Southbank,VIC,,3006
Melbourne Showgrounds,Langs Road,Ascot Vale,VIC,,3032
Melbourne Town Hall,Cnr Swanston St and Collins St,Melbourne,VIC,,3000
Metro Theatre,624 George St,Sydney,NSW,,2000
Metropolitan Remand and Reception Centre,Holker St,Silverwater,NSW,,2128
Metropolitan Remand Centre,Middle Rd,Ravenhall,VIC,,3023
Metropolitan Special Programs Centre,1300 Anzac Pde,Malabar,NSW,,2036
Mid North Coast Correctional Centre,370 Aldavilla Rd,Aldavilla,NSW,,2440
Mobilong Prison,Maurice Rd,Murray Bridge,SA,,5253
Monash University,71 Clyde Rd,Berwick,VIC,,3806
Monash University,900 Dandenong Rd,Caulfield,VIC,,3145
Monash University,Wellington Rd,Clayton,VIC,,3800
Monash University,Northways Rd,Churchill,VIC,,3842 ?
Monash University,381 Royal Parade,Parkville,VIC,,3052
Monash University,McMahons Rd,Frankston,VIC,,3199
Moonee Valley Racecourse,McPherson St,Moonee Ponds,VIC,,3039
Mount Gambier Prison,Benara Rd,Moorak,SA,,5291
Murdoch Books,23 Hickson Rd,Walsh Bay,NSW,,2000
Murdoch University,90 South St,Murdoch,WA,,6150
Museum of Contemporary Art,140 George St,Sydney,NSW,,2000
Museum of Old and New Art,651-655 Main Rd,Berriedale,TAS,,7011
Museum of Sydney,Cnr Bridge & Phillip St,Sydney,NSW,,2000
Myer Sydney,436 George St,Sydney,NSW,,2000
National Archives of Australia,Queen Victoria Tce,Parkes,ACT,,2600
National Convention Centre,31 Constitution Ave,Canberra,ACT,,2601
National Gallery of Australia,Parkes Pl,Canberra,ACT,,2600
National Gallery of Australia,Parkes Pl,Canberra,ACT,,2600
National Gallery of Victoria,180 St Kilda Rd,Southbank,VIC,,3006
National Library of Australia,Parkes Pl,Canberra,ACT,,2600
National Museum of Australia,Lawson Cres,Acton,ACT,,2601
National Portrait Gallery,King Edward Tce,Parkes,ACT,,2600
National Press Club of Australia,16 National Cct,Barton,ACT,,2600
National Zoo & Aquarium,999 Lady Denman Dr,Weston,ACT,,2611
Netball SA Stadium,155 Railway Tce,Mile End,SA,,5031
Network Ten,1 Saunders St,Pyrmont,NSW,,2009
Newcastle Shopping Centre,Cnr Griffins Rd & BRdmeadow Rd,BRdmeadows,NSW,,2292
News Digital Media,175 Liverpool St,Sydney,NSW,,2000
News Limited,2 Holt St,Surry Hills,NSW,,2010
News Limited,41 Campbell St,Bowen Hills,QLD,,4006
Newtown Court,222 Australia St,Newtown,NSW,,2042
NineMSN,264-278 George St,Sydney,NSW,,2000
NineMSN,202 Tynte St,North Adelaide,SA,,5006
NineMSN,717 Bourke St,Docklands,VIC,,3008
North Hobart Oval,Corner of Ryde St and Argyle St,North Hobart,TAS,,7000
North Queensland Helicopter Rescue Service,1/24 West St,Mount Isa,QLD,,4825
North Sydney Court,94 Pacific Hwy,North Sydney,NSW,,2059
North Sydney Oval,Corner Miller and Ridge St,North Sydney,NSW,,2060
Northern Immigration Detention Centre,Stuart Highway,Berrimah,NT,,828
Northland Shopping Centre,2-50 Murray Rd,Preston,VIC,,3072
Norwest Marketown Shopping Centre,Norwest Blvd,Baulkham Hills,NSW,,2153
NSW Coroner's Court,44-46 Parramatta Rd,Glebe,NSW,,2037
Numinbah Correctional Centre,2458 Nerang-Murwillumbah Rd,Numinbah Valley,QLD,,4211
Oberon Correctional Centre,110 Gurnang Rd,Shooters Hill,NSW,,2787
Object: Australian Design Centre,417 Bourke St,Surry Hills,NSW,,2010
Old Parliament House,18 King George Tce,Parkes,ACT,,2600
Old Treasury Building,20 Spring St,East Melbourne,VIC,,3002
Outer Metropolitan Multi-Purpose Centre,The Northern Rd,Berkshire,NSW,,2756
Outre Gallery,285 A Crown St,Surry Hills,NSW,,2010
Pacific Fair Shopping Centre,Hooker Blvd,BRdbeach,QLD,,4218
Pacific Magazines - Melbourne,160 Harbour Esp,Docklands,VIC,,3008
Pacific Magazines - Sydney Head Office,8 Central Ave,Eveleigh,NSW,,2015
Palace Norton Street,99 Norton St,Leichhardt,NSW,,2040
Palace Verona Cinema,17 Oxford St,Paddington,NSW,,2021
Palais Theatre,Lower Esplanade,St Kilda,VIC,,3182
Palen Creek Correctional Centre,12113 Mt Lindesay Hwy,Rathdowney,QLD,,4287
Pardelup Prison Farm,Muirs Hwy,Mt Barker,WA,,6324
Park Hyatt,7 Hickson Rd,Walsh Bay,NSW,,2000
Parklea Correctional Centre,66 Sentry Dr,Parklea,NSW,,2768
Parliament House,Parliament Dr,Canberra,ACT,,2600
Parliament House,Parliament Dr,Canberra,ACT,,2600
Parliament House,Parliament Dr,Canberra,ACT,,2600
Parliament House,Parliament Dr,Canberra,ACT,,2600
Parliament House,Parliament Dr,Canberra,ACT,,2600
Parliament House,Parliament Dr,Canberra,ACT,,2600
Parliament House,Parliament Dr,Canberra,ACT,,2600
Parliament House,Parliament Dr,Canberra,ACT,,2600
Parliament House,Parliament Dr,Canberra,ACT,,2600
Parliament House,Parliament Dr,Canberra,ACT,,2600
Parliament of NSW,6 Macquarie St,Sydney,NSW,,2000
Parliament of NSW,6 Macquarie St,Sydney,NSW,,2000
Parliament of South Australia,North Tce,Adelaide,SA,,5000
Parliament of Tasmania,162 Macquarie St,Hobart,TAS,,7000
Parliament of Victoria,Spring St,East Melbourne,VIC,,3002
Parliament of Western Australia,Parliament Pl,West Perth,WA,,6005
Parramatta Court,12 George St,Parramatta,NSW,,2124
Parramatta National Rugby League Club,2 Grose St,Parramatta,NSW,,2150
Parramatta Stadium,O'Connell St,Parramatta,NSW,,2150
Patersons Stadium,Subiaco Rd,Subiaco,WA,,6008
Penrith Court,62-74 Henry St,Penrith,NSW,,2751
Penrith Stadium,Cnr Mulgoa Rd & Ransley St,Penrith,NSW,,2750
Perth Arena,700 Wellington St,Perth,WA,,6000
Perth Children's Court,160 Pier St,Perth,WA,,6000
Perth Convention and Exhibition Centre,21 Mounts Bay Rd,Perth,WA,,6000
Perth Domestic Airport,2 George Wiencke Dr,Perth,WA,,6105
Perth Immigration Detention Centre,Cnr Baker Rd & McComb Rd,Redcliffe,WA,,6104
Perth Immigration Residential Housing,97-99 Kanowna Ave,Redcliffe,WA,,6104
Perth International Airport,Horrie Miller Dr,Perth,WA,,6105
Perth Oval,310 Pier St,Perth,WA,,6000
Pontville Alternative Place of Detention,12 Rifle Range Rd,Pontville,TAS,,7030
Port Adelaide Magistrates Court,260 St. Vincent St,Port Adelaide,SA,,5015
Port Augusta Immigration Residential Housing,Ellis Cl,Port Augusta,SA,,5700
Port Augusta Prison,Highway 1,Stirling North,SA,,5700
Port Lincoln Prison,Pound Lane,Port Lincoln,SA,,5606
Port Phillip Prison,Cnr Doherty Rd and Palmers Rd,Truganina,VIC,,3029
Portland Central Shopping Centre,40-41 Horton St,Port Macquarie,NSW,,2444
Powerhouse Museum,500 Harris St,Ultimo,NSW,,2007
Prince Alfred Park Pool,105 Chalmers St,Sydney,NSW,,2000
Princess Theatre,163 Spring St,Melbourne,VIC,,3000
Pyrmont Fish Markets,Pyrmont Bridge Rd,Pyrmont,NSW,,2009
Qantas Airways,10 Bourke Rd,Mascot,NSW,,2020
QT Hotel,49 Market St,Sydney,NSW,,2000
Queen Elizabeth Oval,80 View St,Bendigo,VIC,,3550
Queen St Mall,12 Queen St,Brisbane,QLD,,4000
Queen Victoria Building,455 George St,Sydney,NSW,,2000
Queensland Art Gallery,Stanley St,South Brisbane,QLD,,4101
Queensland Parliament,George St and Alice St,Brisbane,QLD,,4000
Queensland Performing Arts Centre,Cnr Grey St and Melbourne St,South Bank,QLD,,4101
Queensland University of Technology,George St,Brisbane,QLD,,4001
Queensplaza Shopping Centre,226 Queen St,Brisbane,QLD,,4000
RACV Royal Pines Resort,Ross St,Gold Coast,QLD,,4217
Redcliffe Magistrates Court,193 Redcliffe Parade,Redcliffe,QLD,,4020
Redfern Oval,Chalmers St,Redern,NSW,,2016
Refugee Council of Australia,410 Elizabeth St,Surry Hills,NSW,,2010
Reserve Bank of Australia,65 Martin Pl,Sydney,NSW,,2000
Rhodes Shopping Centre,1 Rider Blvd,Rhodes,NSW,,2138
Risdon Prison Complex,672 East Derwent Hwy,Risdon Vale,TAS,,7016
RMIT University,25 Dawson St,Brunswick,VIC,,3056
RMIT University,Plenty Rd,Bundoora,VIC,,3083
RMIT University,124 La Trobe St,Melbourne,VIC,,3000
Robina Town Centre,19 Robina Town Centre Dr,Robina,QLD,,4230
Rod Laver Arena,Batman Ave,Melbourne,VIC,,3000
Roebourne Regional Prison,Sampson Rd,Roebourne,WA,,6718
Ron Barwick Minimum Security Prison,672 East Derwent Hwy,Risdon Vale,TAS,,7016
Rose Seidler House,71 Clissold Rd,Wahroonga,NSW,,2076
Rosehill Gardens Racecourse,James Ruse Dr,Rosehill,NSW,,2142
Rouse Hill House & Farm,356 Annangrove Rd,Rouse Hill,NSW,,2155
Royal Botanic Gardens,Mrs Macquaries Rd,Sydney,NSW,,2000
Royal Botanic Gardens,Birdwood Avenue,South Yarra,VIC,,3141
Royal Exhibition Building,9 Nicholson St,Carlton,VIC,,3053
Royal Randwick Racecourse,Alison Rd,Randwick,NSW,,2031
Ryde Court,814 Victoria Rd,Ryde,NSW,,2112
Rydges Lakeside Hotel,London Cct,Canberra,ACT,,2600
Rydges Sydney Airport,8 Arrival Court,Sydney,NSW,,2010
S. H. Ervin Gallery,2 Watson Rd,Millers Point,NSW,,2000
Scherger Immigration Detention Centre,Mathawanh Rd,Weipa,QLD,,4874
Sebel-Pier One Hotel,Pier 1 Hickson Rd,Walsh Bay,NSW,,2000
Sharks Stadium,461 Captain Cook Dr,Cronulla,NSW,,2230
Shrine of Remembrance,Birdwood Ave,Melbourne,VIC,,3004
Sidney Myer Music Bowl,Linlithgow Ave,Melbourne,VIC,,3000
Silverwater Men's Correctional Centre,Holker St,Silverwater,NSW,,2128
Silverwater Women's Correctional Centre,Holker St,Silverwater,NSW,,2128
Sir Stamford Hotel,93 Macquarie St,Sydney,NSW,,2000
Skilled Park,Stadium Dr,Robina,QLD,,4226
Sky News Australia,5 Thomas Holt Dr,Macquarie Park,NSW,,2113
Sky Racing & Radio,79 Frenchs Forest Rd,Frenchs Forest,NSW,,2086
Smart Grid Theatrette,19 Honeysuckle Rd,Newcastle,NSW,,2300
Sofitel Sydney,101 Phillip St,Sydney,NSW,,2000
Sotheby's Australia,118-122 Queen St,Woollahra,NSW,,2025
Sotheby's Australia,4 Collins St,Melbourne,VIC,,3000
South Coast Correctional Centre,55 The Links Rd,Nowra Hill,NSW,,2541
Southern Cross University,Hogbin Dr,Coffs Harbour,NSW,,2450
Southern Cross University,Southern Cross Dr,Bilinga,QLD,,4225
Southern Cross University,Military Rd,East Lismore,NSW,,2480
Southern Cross University,117 Macquarie St,Sydney,NSW,,2000
Southern Queensland Correctional Centre,Millers Rd,Spring Creek,QLD,,4343
Southlands Shopping Centre,344 High St,Penrith,NSW,,2750
Southport District Court,Cnr Davenport St &  Hinze St,Southport,QLD,,4215
Southport Magistrates Court,Cnr Davenport St &  Hinze St,Southport,QLD,,4215
St Clair Shopping Centre,155 Bennett Rd,St Clair,NSW,,2330
St Heliers Correctional Centre,Sandy Creek Rd,Muswellbrook,NSW,,2333
St James Rd Court,St James Rd Court,Sydney,NSW,,2000
St Vincent's College,Rockwell Cres,Potts Point,NSW,,2011
Stadium Australia,Edwin Flack Ave,Sydney Olympic Park,NSW,,2127
Starcom MediaVest Group,28 Windmill St,Walsh Bay,NSW,,2000
State Library of New South Wales,Macquarie St,Sydney,NSW,,2000
State Library of Queensland,Stanley Pl,South Brisbane,QLD,,4101
State Library of South Australia,Kintore Ave,Adelaide,SA,,5000
State Library of Tasmania,91 Murray St,Hobart,TAS,,7000
State Library of Victoria,328 Swanston St,Melbourne,VIC,,3000
State Library of Western Australia,Francis St & James St Mall,Perth,WA,,6000
State Parliament,Mitchell St,Darwin,NT,,800
State Theatre,100 St Kilda Rd,Southbank,VIC,,3006
State Theatre,49 Market St,Sydney,NSW,,2000
Strathfield Shopping Plaza,11 The Boulevarde,Strathfield,NSW,,2135
Suncorp Stadium,40 Castlemaine St,Milton,QLD,,4064
Supreme Court,State Sq,Darwin,NT,,800
Supreme Court of NSW,184 Phillip St,Sydney,NSW,,2000
Swinburne University of Technology,12-50 Norton Rd,Mt Dandenong,VIC,,3767
Swinburne University of Technology,John St,Hawthorn,VIC,,3122 ?
Swinburne University of Technology,Melba Ave,Lilydale,VIC,,3140
Swinburne University of Technology,196 Flinders St,Melbourne,VIC,,3000
Swinburne University of Technology,114 High St,Prahran,VIC,,3181
Swinburne University of Technology,369 Stud Rd,Wantirna South,VIC,,3152
Sydney Bus Museum,25 Derbyshire Rd,Leichhardt,NSW,,2040
Sydney Convention and Exhibition Centre,Darling Dr,Darling Harbour,NSW,,2000
Sydney Convention and Exhibition Centre,Darling Dr,Darling Harbour,NSW,,2000
Sydney Cricket Ground,Moore Park Rd,Moore Park,NSW,,2021
Sydney Dance Company,Pier 4 Hickson Rd,Walsh Bay,NSW,,2000
Sydney Domestic Airport,Airport Dr,Sydney,NSW,,2020
Sydney Entertainment Centre,35 Harbour St,Darling Harbour,NSW,,2000
Sydney Harbour Bridge,Bradfield Hwy,Sydney,NSW,,2000
Sydney Immigration Residential Housing,Miowera Rd,Villawood,NSW,,2163
Sydney International Airport,Airport Dr,Sydney,NSW,,2020
Sydney Jewish Museum,148 Darlinghurst Rd,Darlinghurst,NSW,,2010
Sydney Observatory,Watson Rd,The Rocks,NSW,,2000
Sydney Olympic Park Aquatic Centre,Olympic Blvd,Sydney Olympic Park,NSW,,2127
Sydney Opera House,Bennelong Point,Sydney,NSW,,2000
Sydney Showground Stadium,1 Showground Rd,Sydney Olympic Park,NSW,,2127
Sydney Theatre Company,Pier 4 Hickson Rd,Walsh Bay,NSW,,2000
Sydney Tower,100 Market St,Sydney,NSW,,2000
Sydney Tramway Museum,Rawson Ave,Loftus,NSW,,2232
Sydney Writer’s Festival,10 Hickson Rd,Millers Point,NSW,,2000
Symonston Correctional Centre,Mugga Lane,Symonston,ACT,,2609
Tabcorp,5 Bowen Crescent,Melbourne,VIC,,3004
Tabcorp,495 Harris St,Ultimo,NSW,,2007
Tamworth Correctional Centre,Cnr Dean and Johnston St,Tamworth,NSW,,2340
Taronga Zoo,Bradleys Head Rd,Mosman,NSW,,2000
Tarrengower Prison,Cnr Nuggetty Rd and Bridgewater Rd,Maldon,VIC,,3463
The Adelaide Remand Centre,280 Currie St,Adelaide,SA,,5000
The Age,655 Collins St,Docklands,VIC,,3008
The Arts Centre,100 St Kilda Rd,Melbourne,VIC,,3004
The Barracks,61 Petrie Tce,Brisbane,QLD,,4170
The Basement,7 Macquarie Pl,Sydney,NSW,,2000
The Dymocks Building,428 George St,Sydney,NSW,,2000
The Gabba,411 Vulture St,Woolloongabba,QLD,,4102
The Independent Theatre,269 Miller St,North Sydney,NSW,,2060
The Lodge,5 Adelaide St,Deakin,ACT,,2600
The Mint,10 Macquarie St,Sydney,NSW,,2000
The Myer Centre,91 Queen St,Brisbane,QLD,,4000
The National Opal Collection,60 Pitt St,Sydney,NSW,,2000
The New Empire Cinema,327 Bong Bong St,Bowral,NSW,,2576
The Rocks Discovery Museum,2-8 Kendall Ln,Sydney,NSW,,2000
The Royal Thai Embassy,111 Empire Cct,Yarralumla,ACT,,2600
The St Theatre,Childers St,Canberra,ACT,,2601
The Star,80 Pyrmont St,Pyrmont,NSW,,2009
Theatre Royal,108 King St,Sydney,NSW,,2000
Thebarton Theatre,112 Henley Beach Rd,Torrensville,SA,,5031
Tiger Airways,1-5 Grants Road,Melboume,VIC,,3043
Toowong Village Shopping Centre,9 Sherwood Rd,Toowong,QLD,,4066
Top Ryde Shopping Centre,Cnr Devlin St & Blaxland Rd,Ryde,NSW,,2112
Townsville Correctional centre,Dwyer St,Townsville,QLD,,4811
Townsville District Court,31 Walker St,Townsville,QLD,,4810
Townsville Magistrates Court,31 Walker St,Townsville,QLD,,4810
Townsville Supreme Court,31 Walker St,Townsville,QLD,,4810
Universal Magazines,5/06/2008 Byfield St,North Ryde,NSW,,2113
University of Adelaide,North Tce,Adelaide,SA,,5005
University of Ballarat,University Dr,Mt Helen,VIC,,3350
University of Canberra,University Dr,Bruce,ACT,,2617
University of Melbourne,Grattan St,Parkville,VIC,,3010
University of New England,Handel St,Armidale,NSW,,2350
University of New South Wales,Cnr of Oxford St and Greens Rd,Paddington,NSW,,2021
University of New South Wales,Northcott Dr,Campbell,ACT,,2600
University of New South Wales,High St,Kensington,NSW,,2052
University of Newcastle,10 Chittaway Rd,Ourimbah,NSW,,2258
University of Newcastle,University Dr,Callaghan,NSW,,2308
University of Notre Dame,104 BRdway,Chippendale,NSW,,2008
University of Notre Dame,Guy St,Broome,WA,,6725
University of Notre Dame,160 Oxford St,Darlinghurst,NSW,,2010
University of Notre Dame,19 Mouat St,Fremantle,WA,,6160
University of Queensland,Brisbane,St Lucia,QLD,,4072
University of South Australia,Frome Rd,Adelaide,SA,,5000
University of Southern Queensland,West St,Darling Heights,QLD,,4350
University of Sydney,Werombi Rd,Camden,NSW,,2570
University of Sydney,City Rd,Darlington,NSW,,2008
University of Sydney,75 East St,Lidcombe,NSW,,2141
University of Sydney,Mallett St,Camperdown,NSW,,2050
University of Sydney,173-175 Phillip St,Sydney,NSW,,2000
University of Sydney,2 Chalmers St,Surry Hills,NSW,,2010
University of Sydney,Balmain Rd,Rozelle,NSW,,2039
University of Sydney,Corner of Bridge and Macquarie Sts,Sydney,NSW,,2000
University of Tasmania,Churchill Ave,Sandy Bay,TAS,,7005
University of Technology Sydney,15 Broadway,Ultimo,NSW,,2007
University of Technology Sydney,Eton Rd,Lindfield,NSW,,2070
University of the Sunshine Coast,90 Sippy Downs Dr,Sippy,QLD,,4556
University of Western Australia,35 Stirling Hwy,Crawley,WA,,6009
University of Western Sydney,Cnr of Horsley Rd and Bullecourt Ave,Bankstown,NSW,,2200
University of Western Sydney,Eastern Rd,Quakers Hill,NSW,,2763
University of Western Sydney,Cnr of Narellan Rd and Gilchrist Dr,Macarthur,NSW,,2560
University of Western Sydney,Cnr of Bourke St and Londonderry Rd,Richmond,NSW,,2323
University of Western Sydney,Cnr of O’Connell St and Second Ave,Kingswood,NSW,,2340
University of Western Sydney,Cnr of Victoria Rd and James Ruse Dr,Rydalmere,NSW,,2116
University of Western Sydney,Great Western Hwy,Werrington,NSW,,2747
University of Wollongong,Northfields Ave,Wollongong,NSW,,2522
V8 Utes,232 Robina Town Centre,Robina,QLD,,4226
Vaucluse House,Wentworth Rd,Vaucluse,NSW,,2030
Vector Arena,Mahuhu Crescent,Auckland,NZ,,1010
Victoria Hall,179 High St,Fremantle,WA,,6160
Victoria Park Pool,Cnr City Rd & Parramatta Rd,Camperdown,NSW,,2050
Victoria University,300 Flinders St,Melbourne,VIC,,3000
Victoria University,301 Flinders Lane,Melbourne,VIC,,3000
Victoria University,225 King St,Melbourne,VIC,,3000
Victoria University,295 and 283 Queen St,Melbourne,VIC,,3000
Victoria University,Cnr of Nicholson St and Buckley St,Footscray,VIC,,3011
Victoria University,Ballarat Rd,Footscray,VIC,,3011
Victoria University,Rees Rd,Melton South,VIC,,3338
Victoria University,80 Champion Rd,Newport,VIC,,3015
Victoria University,McKechnie St,St Albans,VIC,,3021
Victoria University,460 Ballarat Rd,Sunshine,VIC,,3020
Victoria University,545 Kent  St,Sydney,NSW,,2000
Victoria University,Hoppers Lane,Werribee,VIC,,3030
Villawood Immigration Detention Centre,15 Birmingham Avenue,Villawood,NSW,,2163
Virgin Australia,56 Edmondstone Rd,Bowen Hills,QLD,,4006
Vodafone Hutchinson,"Level 7, 40 Mount St",Sydney,NSW,,2000
WACA Ground,Hale St,East Perth,WA,,6004
Wandoo Reintegration Facility,Cnr Bramanti Rd & Murdoch Dr,Murdoch,WA,,6153
Warner Bros. Movie World,Pacific Motorway,Oxenford,QLD,,4210
Warner Music Australia,39-47 Albany St,Crows Nest,NSW,,2065
Warringah Mall,Old Pittwater Rd,Brookvale,NSW,,2100
Warwick Farm Racecourse,2 Hume Hwy,Warwick Farm,NSW,,2170
Watergardens Town Centre,399 Melton Hwy,Taylor Lakes,VIC,,3038
Wellington Correctional Centre,Mudgee-Goolma Rd,Wellington,NSW,,2820
Wentworth Chambers,180 Phillip St,Sydney,NSW,,2000
Wesley Music Centre,National Cct,Forrest,ACT,,2603
West Kimberley Regional Prison,Lot 500 Derby Hwy,Derby,WA,,6728
Westfield Bondi Junction,500 Oxford St,Bondi Junction,NSW,,2022
Westfield Carindale,1151 Creek Rd,Cardinal,QLD,,4152
Westfield Carousel,1382 Albany Hwy,Perth,WA,,6107
Westfield Chatswood,1 Anderson St,Chastwood,NSW,,2067
Westfield Chermside,Hamilton Rd,Chermside,QLD,,4032
Westfield Doncaster,619 Doncaster Rd,Doncaster,VIC,,3108
Westfield Fountain Gate,Overland Dr,Fountain Gate,VIC,,3805
Westfield Garden City,Kessels Rd,Upper Mt Gravatt,QLD,,4122
Westfield Hornsby,236 Pacific Hwy,Hornsby,NSW,,2077
Westfield Knox,425 Burwood Hwy,Wantirna South,VIC,,3152
Westfield Liverpool,Macquarie St,Liverpool,NSW,,2170
Westfield Marion,297 Diagonal Rd,Oaklands Park,SA,,5046
Westfield Miranda,600 Kingsway,Miranda,NSW,,2228
Westfield Parramatta,159-175 Church St,Parramatta,NSW,,2150
Westfield Southland,1239 Nepean Hwy,Cheltenham,VIC,,3192
Westfield Sydney Shopping Centre,86-100 Market St,Sydney,NSW,,2000
Westfield Tea Tree Plaza,972-976 NE Rd,Modbury,SA,,5092
Westfield Tuggerah,50 Wyong Rd,Tuggerah,NSW,,2259
Westpac,275 Kent St,Sydney,NSW,,2000
Wickham Point Immigration Detention Centre,1235 Channel Island Rd,Wickham Point,NT,,822
WILD LIFE Sydney Zoo,Wheat Rd,Darling Harbour,NSW,,2000
Wintergarden Centre,15 Adelaide St,Brisbane,QLD,,4000
Wollongong Central,174-200 Crown St,Wollongong,NSW,,2500
Wollongong City Gallery,46 Burelli St,Wollongong,NSW,,2500
Wollongong Showground,Cnr Crown St & Harbour St,Wollongong,NSW,,2500
Wolston Correctional centre,Grindle Rd,Wacol,QLD,,4076
Woodford Correctional Centre,Neurum Rd,Woodford,QLD,,4514
Wooroloo Prison Farm,Great Eastern Hwy,Wooroloo,WA,,6558
World Square Shopping Centre,680 George St,Sydney,NSW,,2000
Yahoo,23 Hickson Rd,Walsh Bay,NSW,,2000
Yatala Labour Prison,Peter Brown Dr,Northfield,SA,,5085
Yongah Hill Immigration Detention Centre,Mitchell Ave,Northam,WA,,6401
Youth Court,75 Wright St,Adelaide,SA,,5000